H1,H2,H3,H4,H5,H6,H7,H8,H9,H10,H11,H12,A1,A2,A3,A4,A5,A6,A7,A8,A9,A10,A11,A12
Keanu Nice Guys,Keanu Nice Guys,Keanu Nice Guys,Keanu Nice Guys,Ashley Ashes,Ashley Ashes,Ashley Ashes,Ashley Ashes,Dan Knee Fajaitas,Dan Knee Fajaitas,Dan Knee Fajaitas,Dan Knee Fajaitas,Gavin Wahs,Jarrett Developers,Dan Knee Fajaitas,Ashley Ashes,Izzy Wizards,Dan Knee Fajaitas,Keanu Nice Guys,Mario Goombas,Marcus Hikers,Gavin Wahs,Jarrett Developers,Izzy Wizards
Mario Goombas,Mario Goombas,Mario Goombas,Mario Goombas,Jarrett Developers,Jarrett Developers,Jarrett Developers,Jarrett Developers,Mario Goombas,Mario Goombas,Mario Goombas,Mario Goombas,Jarrett Developers,Dan Knee Fajaitas,Ashley Ashes,Gavin Wahs,Dan Knee Fajaitas,Keanu Nice Guys,Mario Goombas,Izzy Wizards,Gavin Wahs,Jarrett Developers,Izzy Wizards,Marcus Hikers
Marcus Hikers,Marcus Hikers,Marcus Hikers,Marcus Hikers,Gavin Wahs,Gavin Wahs,Gavin Wahs,Gavin Wahs,Ashley Ashes,Ashley Ashes,Ashley Ashes,Ashley Ashes,Dan Knee Fajaitas,Ashley Ashes,Gavin Wahs,Jarrett Developers,Keanu Nice Guys,Mario Goombas,Izzy Wizards,Dan Knee Fajaitas,Jarrett Developers,Izzy Wizards,Marcus Hikers,Gavin Wahs
Izzy Wizards,Izzy Wizards,Izzy Wizards,Izzy Wizards,Marcus Hikers,Marcus Hikers,Marcus Hikers,Marcus Hikers,Keanu Nice Guys,Keanu Nice Guys,Keanu Nice Guys,Keanu Nice Guys,Ashley Ashes,Gavin Wahs,Jarrett Developers,Dan Knee Fajaitas,Mario Goombas,Izzy Wizards,Dan Knee Fajaitas,Keanu Nice Guys,Izzy Wizards,Marcus Hikers,Gavin Wahs,Jarrett Developers
